1,oodji,4690,1,product/img/products/MP002XM0S9KM_14858664_1_v1.jpg
2,Strellson,18999,2,product/img/products/RTLABH645801_16870878_1_v1_2x.jpg
3,Hugo,4500,3,product/img/products/RTLABL270101_17143993_1_v1_2x.jpg
4,Befree,1999,4,product/img/products/MP002XM08C3F_17085908_1_v1_2x.jpg
5,1,1,1,product/img/products/MA178EMGKWZ0_9268323_1_v2_2x.jpg
6,2,2,1,product/img/products/MP002XM08ARY_17001606_1_v1_2x.jpg
7,3,3,1,product/img/products/MP002XM08BRY_17122384_1_v1_2x.jpg
8,4,4,1,product/img/products/RTLAAZ603502_16188531_1_v1_2x.jpg
9,5,5,1,product/img/products/RTLABB017301_16164974_1_v1.jpg
10,6,6,1,product/img/products/RTLABJ551801_17034709_1_v1_2x.jpg
11,7,7,1,product/img/products/RTLABL265501_17143932_1_v1_2x.jpg
12,Polo Ralph Lauren,19100,3,product/img/products/MP002XM0MTCW_12148342_1_v1_2x.webp
13,Tezenis,999,3,product/img/products/MP002XM1K9UA_11490206_1_v1_2x.webp
14,Polo Ralph Lauren,48800,3,product/img/products/MP002XM1I50Y_16383463_1_v1_2x.webp
